,popular_meme
919,1
2506,0
1420,0
3205,0
871,0
1494,0
2440,0
234,1
1090,1
649,1
1639,0
1683,0
3174,0
1789,1
3074,0
1574,0
997,1
2849,0
222,1
2743,0
186,1
1111,1
1925,1
154,1
185,1
2631,0
1920,1
1573,0
557,1
2593,0
2565,0
2580,0
2199,1
2061,1
1628,0
931,1
2290,1
1989,1
3093,0
1414,0
1657,0
2101,1
275,1
909,1
2452,0
117,1
1363,0
1516,0
1198,0
190,1
2455,0
1235,0
2661,0
3101,0
746,1
3045,0
1395,0
1150,1
2237,1
1940,1
2992,0
2583,0
2004,1
3010,0
1923,1
1249,0
2879,0
1949,1
2219,1
156,1
1148,1
411,1
2222,1
1576,0
1869,1
2269,1
2725,0
1727,0
1326,0
1505,0
3072,0
155,1
66,1
2396,0
385,1
1838,1
1842,1
2574,0
3066,0
1978,1
2369,0
2530,0
2930,0
1041,1
2650,0
2200,1
324,1
3193,0
862,0
78,1
1528,0
309,1
2352,0
971,1
916,1
2892,0
2411,0
3203,0
869,0
8,1
1775,1
2247,1
2985,0
731,1
953,1
2031,1
1278,0
2762,0
2674,0
1318,0
1840,1
373,1
2145,1
1341,0
348,1
527,1
3224,0
982,1
211,1
1213,0
451,1
2838,0
776,1
1129,1
425,1
1854,1
2747,0
443,1
2371,0
352,1
998,1
1966,1
1195,0
1300,0
1261,0
1945,1
1018,1
2394,0
404,1
1474,0
1603,0
1691,0
1935,1
1720,0
97,1
2745,0
848,0
868,0
3113,0
1652,0
3060,0
2469,0
596,1
615,1
2523,0
1904,1
1258,0
2998,0
1334,0
2690,0
1583,0
450,1
2122,1
2002,1
956,1
294,1
1572,0
2744,0
2033,1
1362,0
2239,1
1222,0
152,1
397,1
2793,0
1197,0
2389,0
689,1
1898,1
1874,1
1668,0
2517,0
315,1
2141,1
2702,0
2939,0
883,0
2494,0
2341,0
2094,1
1696,0
795,1
296,1
1196,0
2636,0
2775,0
2417,0
778,1
1934,1
35,1
990,1
1468,0
2212,1
1629,0
3129,0
2556,0
2251,1
954,1
840,0
350,1
1244,0
162,1
2058,1
3082,0
271,1
1916,1
526,1
2554,0
1814,1
1390,0
899,0
2498,0
1676,0
1987,1
1290,0
1011,1
1937,1
2705,0
1493,0
1052,1
948,1
2436,0
2921,0
3121,0
1631,0
1794,1
2937,0
791,1
214,1
1859,1
2808,0
1776,1
2354,0
506,1
1176,1
3043,0
807,1
74,1
2416,0
63,1
2918,0
334,1
1240,0
1950,1
550,1
25,1
1473,0
2698,0
2408,0
2664,0
957,1
1554,0
1325,0
1465,0
638,1
2055,1
960,1
1790,1
1101,1
3180,0
2521,0
2446,0
2479,0
2022,1
1180,0
548,1
2174,1
2016,1
2886,0
951,1
3171,0
1604,0
2807,0
277,1
1327,0
1982,1
1469,0
2190,1
1666,0
1174,1
2788,0
2142,1
708,1
27,1
1911,1
267,1
2646,0
1088,1
376,1
361,1
463,1
103,1
2533,0
908,1
665,1
1565,0
1829,1
2512,0
690,1
1763,0
269,1
198,1
415,1
1641,0
2017,1
1504,0
912,1
3076,0
1091,1
338,1
1575,0
79,1
3025,0
1046,1
1305,0
677,1
3098,0
608,1
3126,0
456,1
2317,0
2065,1
590,1
2853,0
1561,0
1178,0
2753,0
1889,1
1348,0
3158,0
1351,0
888,0
794,1
1752,0
2577,0
2770,0
118,1
1615,0
2477,0
3153,0
2830,0
811,1
448,1
1170,1
2951,0
2425,0
662,1
2130,1
2673,0
1218,0
1286,0
985,1
31,1
2468,0
3157,0
1582,0
2967,0
1689,0
2089,1
1413,0
858,0
2221,1
3062,0
536,1
469,1
2302,0
779,1
2799,0
2508,0
226,1
2176,1
2634,0
1957,1
1408,0
1878,1
491,1
674,1
278,1
1283,0
2332,0
332,1
880,0
3017,0
2547,0
2042,1
1588,0
1130,1
1427,0
809,1
2337,0
1630,0
839,0
1839,1
2844,0
2769,0
585,1
2092,1
2007,1
2192,1
1321,0
2323,0
2139,1
1125,1
2148,1
733,1
272,1
459,1
2652,0
3122,0
287,1
3212,0
2665,0
2595,0
1372,0
967,1
1083,1
2272,1
2549,0
23,1
2491,0
2296,0
3100,0
1523,0
2423,0
1440,0
484,1
1951,1
1084,1
947,1
943,1
1106,1
789,1
976,1
1067,1
875,0
2590,0
1818,1
524,1
388,1
77,1
1127,1
1145,1
1345,0
1140,1
1988,1
663,1
2504,0
1040,1
2824,0
1616,0
3196,0
587,1
1416,0
454,1
1254,0
1694,0
2843,0
3131,0
2763,0
3201,0
2481,0
667,1
100,1
2619,0
61,1
2689,0
1503,0
2550,0
1697,0
2274,1
2731,0
476,1
2675,0
2996,0
2882,0
734,1
847,0
1330,0
2265,1
2906,0
2806,0
209,1
1309,0
1423,0
257,1
2957,0
148,1
2015,1
2201,1
2585,0
1239,0
168,1
2706,0
1059,1
2710,0
143,1
37,1
1406,0
1459,0
2789,0
2742,0
2509,0
2224,1
2258,1
308,1
2591,0
625,1
718,1
2529,0
437,1
2127,1
2232,1
691,1
823,0
604,1
322,1
2573,0
274,1
607,1
363,1
2719,0
320,1
184,1
1779,1
2823,0
1717,0
1659,0
1436,0
1191,0
2691,0
1017,1
669,1
2100,1
1520,0
421,1
337,1
2107,1
166,1
3015,0
3001,0
493,1
183,1
1844,1
1656,0
822,0
358,1
3191,0
3003,0
3000,0
1037,1
852,0
1482,0
2279,1
2676,0
2682,0
1280,0
1263,0
199,1
2390,0
441,1
2616,0
2497,0
1614,0
1316,0
575,1
2234,1
1797,1
2018,1
692,1
2047,1
1402,0
2567,0
860,0
310,1
3030,0
2899,0
2125,1
2432,0
1023,1
3136,0
890,0
298,1
1250,0
1256,0
903,1
2815,0
47,1
3094,0
452,1
472,1
2013,1
1082,1
1908,1
930,1
2312,0
1479,0
2381,0
3206,0
1220,0
530,1
2360,0
561,1
1968,1
3177,0
1311,0
1625,0
1259,0
2294,0
1711,0
1139,1
2393,0
935,1
1411,0
435,1
2364,0
67,1
130,1
3140,0
270,1
2046,1
1688,0
758,1
2255,1
1128,1
2974,0
2647,0
889,0
1001,1
583,1
1033,1
1264,0
2132,1
2398,0
1460,0
3110,0
1284,0
239,1
1232,0
1673,0
618,1
2254,1
1444,0
1757,0
2772,0
1754,0
1410,0
2569,0
1786,1
356,1
859,0
70,1
2077,1
1433,0
2444,0
2656,0
2210,1
125,1
3145,0
3176,0
844,0
2927,0
2606,0
3156,0
2309,0
3038,0
1062,1
3194,0
2890,0
763,1
1759,0
2792,0
1985,1
902,1
1910,1
2975,0
2522,0
389,1
539,1
2277,1
2679,0
2351,0
717,1
1705,0
1861,1
2836,0
1532,0
1803,1
1320,0
467,1
2409,0
120,1
2539,0
2912,0
2483,0
2147,1
3002,0
755,1
3018,0
18,1
2877,0
1634,0
1212,0
1651,0
2980,0
1405,0
2102,1
716,1
911,1
983,1
845,0
339,1
1492,0
1188,0
2486,0
1217,0
893,0
991,1
2032,1
2961,0
2850,0
2020,1
323,1
3040,0
1771,0
787,1
1366,0
88,1
679,1
378,1
1452,0
210,1
1478,0
1403,0
1418,0
1000,1
400,1
475,1
1521,0
2791,0
2615,0
1886,1
1202,0
2750,0
335,1
1568,0
2797,0
1980,1
1384,0
2809,0
2342,0
806,1
657,1
1470,0
1086,1
1648,0
1515,0
1801,1
2173,1
2493,0
2697,0
655,1
1681,0
2343,0
60,1
141,1
1892,1
344,1
2839,0
2235,1
570,1
1337,0
1136,1
1770,0
2211,1
643,1
3102,0
1313,0
1740,0
1895,1
821,0
328,1
1409,0
1151,1
1340,0
409,1
2864,0
2441,0
135,1
2559,0
894,0
3069,0
1025,1
1110,1
1099,1
2014,1
1914,1
3081,0
729,1
817,1
71,1
2318,0
1,1
286,1
1749,0
2433,0
2376,0
712,1
2584,0
1835,1
489,1
1893,1
1393,0
2774,0
1556,0
2179,1
1107,1
188,1
94,1
640,1
290,1
504,1
2915,0
2373,0
2526,0
2941,0
1804,1
1293,0
620,1
1670,0
1252,0
2555,0
2405,0
1133,1
1577,0
2434,0
841,0
568,1
240,1
1500,0
2913,0
2701,0
96,1
1097,1
1902,1
805,1
635,1
2612,0
2971,0
923,1
551,1
515,1
1035,1
1739,0
1931,1
2316,0
116,1
1486,0
3173,0
177,1
2757,0
3087,0
651,1
1777,1
1843,1
2787,0
2736,0
1998,1
624,1
1965,1
34,1
2587,0
276,1
468,1
2545,0
2010,1
44,1
2080,1
928,1
465,1
1317,0
715,1
249,1
637,1
969,1
2623,0
1811,1
781,1
770,1
29,1
1181,0
2859,0
2186,1
2732,0
128,1
1029,1
1081,1
664,1
401,1
2096,1
2293,0
1595,0
2,1
492,1
3220,0
1581,0
1784,1
2325,0
144,1
1301,0
364,1
1167,1
2123,1
1294,0
2208,1
501,1
1050,1
1108,1
1741,0
93,1
2056,1
2203,1
2716,0
1024,1
2252,1
2655,0
1164,1
2009,1
2756,0
2819,0
2116,1
1765,0
1956,1
458,1
2760,0
1994,1
752,1
768,1
775,1
433,1
83,1
760,1
2231,1
372,1
2085,1
741,1
3065,0
2502,0
1182,0
2060,1
3128,0
853,0
1792,1
380,1
1094,1
1135,1
182,1
2382,0
2283,1
2215,1
2062,1
16,1
1161,1
836,0
3107,0
2311,0
2683,0
3036,0
2832,0
3155,0
728,1
3047,0
900,0
1343,0
682,1
747,1
1558,0
1557,0
660,1
1856,1
3034,0
543,1
886,0
370,1
1671,0
1352,0
2955,0
2466,0
3090,0
365,1
3166,0
1464,0
202,1
3170,0
1682,0
1163,1
20,1
1306,0
1522,0
2392,0
831,0
2956,0
1618,0
1253,0
727,1
1275,0
1768,0
1379,0
1412,0
1508,0
1871,1
3162,0
1338,0
2829,0
1919,1
1245,0
1511,0
2911,0
1438,0
2900,0
765,1
1251,0
3051,0
3192,0
3035,0
2884,0
163,1
91,1
826,0
1472,0
1350,0
1277,0
360,1
815,1
2883,0
704,1
2000,1
2816,0
381,1
788,1
1815,1
628,1
1077,1
113,1
2226,1
14,1
2030,1
2810,0
2923,0
2925,0
1377,0
2560,0
3058,0
2934,0
510,1
1746,0
2678,0
2385,0
1109,1
2178,1
2110,1
1868,1
2377,0
1737,0
1860,1
3141,0
975,1
2546,0
341,1
1064,1
737,1
1216,0
46,1
2826,0
1154,1
52,1
952,1
42,1
3085,0
3028,0
2177,1
2633,0
522,1
2445,0
1983,1
1674,0
835,0
2243,1
2485,0
1926,1
146,1
740,1
1287,0
122,1
633,1
1704,0
736,1
670,1
1187,0
1715,0
508,1
2601,0
876,0
2098,1
1116,1
754,1
2835,0
2282,1
1491,0
1883,1
1335,0
2709,0
962,1
3053,0
2170,1
2118,1
1013,1
2542,0
1767,0
3161,0
1048,1
1435,0
856,0
1075,1
2840,0
2189,1
1448,0
2195,1
2264,1
2275,1
977,1
1276,0
327,1
1112,1
2531,0
3091,0
2465,0
2233,1
1115,1
1076,1
2874,0
819,0
2086,1
2825,0
1360,0
2688,0
537,1
288,1
2084,1
2953,0
1772,0
864,0
1227,0
914,1
1780,1
1540,0
1547,0
3165,0
838,0
1872,1
2893,0
405,1
164,1
1382,0
950,1
2894,0
158,1
3013,0
2901,0
1373,0
180,1
818,0
693,1
1971,1
1103,1
1185,0
2480,0
2735,0
413,1
1269,0
2365,0
1462,0
1014,1
1591,0
2649,0
57,1
1799,1
142,1
80,1
49,1
2138,1
2464,0
1699,0
1864,1
3172,0
1138,1
616,1
1499,0
53,1
3041,0
766,1
2852,0
2642,0
59,1
1646,0
2299,0
2289,1
650,1
2658,0
1984,1
834,0
1795,1
2865,0
1442,0
347,1
1706,0
3214,0
1514,0
197,1
176,1
3137,0
2328,0
2889,0
2776,0
2238,1
15,1
721,1
316,1
3215,0
632,1
1485,0
1879,1
1367,0
2609,0
2347,0
189,1
3182,0
2734,0
2126,1
223,1
3204,0
1089,1
3185,0
2315,0
937,1
878,0
1183,0
3200,0
1733,0
2339,0
2704,0
1664,0
1378,0
1065,1
2908,0
1422,0
2765,0
1394,0
1095,1
414,1
593,1
2641,0
498,1
611,1
92,1
1179,0
2800,0
2262,1
784,1
3006,0
722,1
3217,0
1487,0
2303,0
1272,0
1241,0
2944,0
1830,1
549,1
881,0
565,1
1381,0
1463,0
1728,0
870,0
897,0
439,1
1535,0
1484,0
3059,0
2241,1
1530,0
293,1
2965,0
0,1
1147,1
2904,0
2723,0
2525,0
11,1
1480,0
3115,0
750,1
149,1
1495,0
1205,0
1162,1
1819,1
2213,1
82,1
1274,0
2076,1
2847,0
1658,0
1315,0
336,1
1242,0
326,1
250,1
3037,0
1831,1
1476,0
1246,0
317,1
1247,0
2331,0
2726,0
483,1
2301,0
418,1
5,1
1159,1
2105,1
2424,0
1087,1
594,1
1066,1
1820,1
2773,0
1708,0
1585,0
1093,1
2625,0
2910,0
1731,0
1042,1
1875,1
3033,0
697,1
1537,0
3063,0
920,1
1762,0
181,1
2260,1
1602,0
225,1
1121,1
2168,1
873,0
964,1
2846,0
597,1
2273,1
609,1
2501,0
2348,0
711,1
2654,0
2448,0
3092,0
1211,0
215,1
406,1
2044,1
2217,1
676,1
1204,0
51,1
1578,0
509,1
32,1
701,1
940,1
1219,0
513,1
2218,1
2442,0
2037,1
3004,0
9,1
1718,0
3042,0
1852,1
850,0
2566,0
658,1
3067,0
2845,0
1137,1
3026,0
1257,0
2164,1
392,1
3144,0
2895,0
591,1
436,1
2236,1
2040,1
3124,0
532,1
1817,1
387,1
2288,1
1058,1
2833,0
1085,1
2334,0
2095,1
3080,0
2538,0
2163,1
1828,1
1823,1
673,1
355,1
2225,1
726,1
2628,0
703,1
934,1
1053,1
1747,0
2761,0
2482,0
391,1
2755,0
1168,1
1979,1
1319,0
3216,0
1209,0
1624,0
3195,0
2008,1
810,1
572,1
828,0
3207,0
1467,0
2023,1
2372,0
313,1
1809,1
2721,0
2536,0
2875,0
1912,1
1552,0
601,1
2207,1
1693,0
1806,1
980,1
1510,0
2326,0
2995,0
1712,0
3029,0
1764,0
573,1
2784,0
300,1
243,1
449,1
2175,1
139,1
423,1
1600,0
753,1
1524,0
2307,0
1124,1
175,1
1975,1
2738,0
1501,0
917,1
2216,1
785,1
1760,0
1542,0
229,1
1627,0
1907,1
39,1
2427,0
2827,0
623,1
1146,1
2050,1
1152,1
2133,1
1477,0
2322,0
500,1
569,1
1903,1
1310,0
1845,1
353,1
688,1
284,1
946,1
518,1
2561,0
680,1
1538,0
2640,0
2172,1
2194,1
3086,0
2399,0
2663,0
3027,0
362,1
1072,1
2099,1
2958,0
1976,1
2950,0
1347,0
311,1
375,1
1584,0
2741,0
2419,0
1488,0
242,1
2527,0
2496,0
247,1
1665,0
76,1
606,1
782,1
137,1
2362,0
173,1
265,1
2276,1
2804,0
295,1
253,1
2144,1
2562,0
2338,0
1967,1
2863,0
1612,0
252,1
2128,1
2524,0
2952,0
2620,0
3139,0
325,1
1590,0
1431,0
1543,0
132,1
2962,0
1643,0
482,1
2134,1
2310,0
1461,0
488,1
1597,0
1434,0
3096,0
1901,1
2250,1
820,0
1769,0
416,1
1622,0
1596,0
2651,0
2666,0
1298,0
3064,0
245,1
2266,1
1536,0
1933,1
2169,1
824,0
767,1
3209,0
566,1
1364,0
33,1
2552,0
3188,0
399,1
2599,0
434,1
174,1
1655,0
2119,1
1225,0
2516,0
1346,0
85,1
2157,1
478,1
1032,1
2686,0
3089,0
3218,0
357,1
1142,1
2801,0
1056,1
2751,0
3151,0
1900,1
3134,0
2931,0
1074,1
2407,0
1791,1
735,1
1753,0
200,1
3032,0
966,1
251,1
131,1
1955,1
1049,1
1996,1
553,1
963,1
1369,0
2386,0
2796,0
2781,0
2320,0
2873,0
2304,0
1302,0
2730,0
562,1
3118,0
1662,0
2487,0
1930,1
196,1
1635,0
2905,0
1531,0
2768,0
1165,1
179,1
1834,1
1113,1
1782,1
105,1
1553,0
2245,1
2413,0
3138,0
1190,0
668,1
654,1
798,1
2626,0
2012,1
3031,0
542,1
564,1
2476,0
1944,1
2617,0
2305,0
1675,0
2722,0
3012,0
3099,0
2355,0
2942,0
837,0
305,1
238,1
904,1
742,1
1702,0
2462,0
1570,0
312,1
2729,0
2349,0
1192,0
431,1
2718,0
2257,1
3202,0
2306,0
1793,1
2045,1
641,1
1714,0
69,1
528,1
2667,0
2053,1
73,1
2938,0
3147,0
872,0
567,1
1928,1
2003,1
2644,0
2270,1
241,1
2248,1
390,1
1329,0
354,1
2165,1
2090,1
138,1
2412,0
2814,0
2831,0
3181,0
1773,1
3112,0
800,1
2514,0
3046,0
502,1
1637,0
2435,0
1527,0
538,1
629,1
1701,0
2253,1
2981,0
1812,1
2136,1
24,1
2001,1
2969,0
2972,0
2041,1
1388,0
2428,0
1601,0
2450,0
112,1
424,1
2817,0
1057,1
345,1
30,1
1756,0
62,1
1126,1
2244,1
2936,0
1990,1
1932,1
462,1
3049,0
2602,0
2771,0
1034,1
2989,0
710,1
233,1
529,1
